arquitetura,tamanho_mb,clientes,rep,min_s,medio_s,max_s,tempos_s
CS sequencial (1 por vez),5,1,1,0.109,0.109,0.109,0.109
CS sequencial (1 por vez),5,1,2,0.107,0.107,0.107,0.107
CS sequencial (1 por vez),5,1,3,0.107,0.107,0.107,0.107
CS multithread (todos),5,1,1,0.108,0.108,0.108,0.108
CS multithread (todos),5,1,2,0.107,0.107,0.107,0.107
CS multithread (todos),5,1,3,0.108,0.108,0.108,0.108
CS pool (max 5),5,1,1,0.110,0.110,0.110,0.110
CS pool (max 5),5,1,2,0.108,0.108,0.108,0.108
CS pool (max 5),5,1,3,0.108,0.108,0.108,0.108
P2P (swarm),5,1,1,0.118,0.118,0.118,0.118
P2P (swarm),5,1,2,0.118,0.118,0.118,0.118
P2P (swarm),5,1,3,0.118,0.118,0.118,0.118
CS sequencial (1 por vez),5,5,1,0.108,0.367,0.600,0.600;0.482;0.268;0.378;0.108
CS sequencial (1 por vez),5,5,2,0.108,0.316,0.527,0.108;0.427;0.313;0.527;0.208
CS sequencial (1 por vez),5,5,3,0.109,0.315,0.527,0.313;0.415;0.109;0.210;0.527
CS multithread (todos),5,5,1,0.493,0.499,0.516,0.516;0.493;0.497;0.495;0.494
CS multithread (todos),5,5,2,0.472,0.489,0.497,0.489;0.497;0.496;0.472;0.492
CS multithread (todos),5,5,3,0.476,0.489,0.500,0.488;0.494;0.476;0.500;0.488
CS pool (max 5),5,5,1,0.463,0.487,0.497,0.495;0.463;0.484;0.496;0.497
CS pool (max 5),5,5,2,0.444,0.483,0.506,0.506;0.493;0.487;0.444;0.486
CS pool (max 5),5,5,3,0.450,0.481,0.493,0.450;0.493;0.491;0.488;0.481
P2P (swarm),5,5,1,0.245,0.299,0.338,0.291;0.245;0.324;0.298;0.338
P2P (swarm),5,5,2,0.297,0.319,0.332,0.324;0.332;0.325;0.319;0.297
P2P (swarm),5,5,3,0.300,0.338,0.361,0.361;0.344;0.300;0.355;0.330
CS sequencial (1 por vez),5,10,1,0.122,0.595,1.062,0.327;0.966;0.863;0.537;0.659;0.226;0.122;1.062;0.434;0.750
CS sequencial (1 por vez),5,10,2,0.109,0.584,1.063,0.751;0.317;0.638;0.213;0.845;0.109;0.421;1.063;0.525;0.959
CS sequencial (1 por vez),5,10,3,0.113,0.593,1.071,0.317;0.972;0.113;0.757;1.071;0.663;0.871;0.536;0.214;0.420
CS multithread (todos),5,10,1,0.931,0.978,1.010,0.978;0.977;0.973;0.953;0.994;1.010;0.985;0.931;1.006;0.976
CS multithread (todos),5,10,2,0.937,0.981,1.010,0.979;1.010;0.986;1.000;1.004;0.937;0.993;0.939;0.981;0.980
CS multithread (todos),5,10,3,0.930,0.974,1.004,0.998;0.985;0.930;0.967;1.004;0.932;0.991;0.970;0.994;0.971
CS pool (max 5),5,10,1,0.439,0.730,0.986,0.494;0.503;0.936;0.982;0.495;0.986;0.439;0.986;0.982;0.495
CS pool (max 5),5,10,2,0.462,0.733,0.988,0.505;0.494;0.988;0.510;0.462;0.488;0.980;0.984;0.945;0.978
CS pool (max 5),5,10,3,0.455,0.739,1.001,0.504;1.001;0.503;0.988;0.952;0.995;0.502;0.455;0.496;0.991
P2P (swarm),5,10,1,0.298,0.433,0.479,0.458;0.479;0.298;0.374;0.454;0.465;0.427;0.473;0.439;0.463
P2P (swarm),5,10,2,0.374,0.470,0.505,0.496;0.374;0.433;0.488;0.504;0.500;0.505;0.480;0.419;0.504
P2P (swarm),5,10,3,0.417,0.475,0.528,0.474;0.461;0.472;0.528;0.484;0.466;0.417;0.435;0.505;0.504
CS sequencial (1 por vez),5,20,1,0.128,1.132,2.118,0.878;1.186;1.286;1.615;0.774;1.406;0.641;2.027;1.056;1.735;1.521;0.128;2.118;0.957;0.433;1.922;0.233;0.537;0.337;1.844
CS sequencial (1 por vez),5,20,2,0.122,1.119,2.115,1.178;1.701;1.062;0.122;1.370;1.271;0.940;0.429;0.325;1.916;1.603;0.738;1.817;1.507;2.042;0.534;0.637;0.225;0.838;2.115
CS sequencial (1 por vez),5,20,3,0.125,1.126,2.138,1.621;0.329;2.138;2.027;0.853;1.826;0.537;0.431;1.398;0.229;1.714;0.125;0.749;1.061;1.926;0.654;1.514;1.165;0.956;1.273
CS multithread (todos),5,20,1,1.763,1.944,2.009,1.976;1.866;1.763;1.984;1.945;1.942;1.946;1.999;2.009;1.946;1.954;1.943;1.990;1.804;1.978;2.006;1.946;1.941;1.948;1.989
CS multithread (todos),5,20,2,1.769,1.941,2.001,1.994;1.985;1.977;1.769;1.953;2.001;1.974;1.952;1.976;1.775;1.937;1.976;1.979;1.999;1.836;1.967;1.940;1.966;1.933;1.938
CS multithread (todos),5,20,3,1.722,1.939,2.006,1.964;1.935;2.006;1.763;1.936;1.978;1.722;1.940;1.979;1.984;1.942;1.994;1.992;1.970;1.963;1.981;1.854;1.992;1.938;1.937
CS pool (max 5),5,20,1,0.403,1.225,1.977,1.891;0.528;0.505;1.533;1.510;1.977;0.520;1.511;1.977;0.997;1.392;0.403;0.905;1.008;0.489;0.982;1.487;1.971;0.964;1.944
CS pool (max 5),5,20,2,0.406,1.223,1.973,0.406;0.502;0.881;1.970;1.488;1.505;1.013;0.502;1.867;1.504;0.526;1.519;1.012;0.972;0.496;1.970;1.013;1.370;1.973;1.972
CS pool (max 5),5,20,3,0.412,1.225,1.985,0.892;1.499;1.514;1.968;1.501;0.532;0.517;0.504;0.509;0.412;0.992;1.887;0.985;1.541;1.953;1.985;1.370;1.955;0.986;1.007
P2P (swarm),5,20,1,0.656,0.738,0.804,0.657;0.749;0.665;0.790;0.660;0.706;0.721;0.680;0.757;0.800;0.798;0.722;0.788;0.798;0.729;0.777;0.656;0.804;0.728;0.778
P2P (swarm),5,20,2,0.466,0.686,0.785,0.633;0.690;0.665;0.763;0.736;0.739;0.708;0.611;0.785;0.724;0.725;0.595;0.709;0.466;0.547;0.699;0.734;0.763;0.689;0.737
P2P (swarm),5,20,3,0.455,0.728,0.814,0.695;0.710;0.658;0.668;0.772;0.813;0.712;0.730;0.730;0.781;0.814;0.799;0.619;0.729;0.455;0.779;0.783;0.813;0.768;0.735
CS sequencial (1 por vez),50,1,1,1.045,1.045,1.045,1.045
CS sequencial (1 por vez),50,1,2,1.044,1.044,1.044,1.044
CS multithread (todos),50,1,1,1.051,1.051,1.051,1.051
CS multithread (todos),50,1,2,1.048,1.048,1.048,1.048
CS pool (max 5),50,1,1,1.049,1.049,1.049,1.049
CS pool (max 5),50,1,2,1.047,1.047,1.047,1.047
P2P (swarm),50,1,1,1.019,1.019,1.019,1.019
P2P (swarm),50,1,2,1.023,1.023,1.023,1.023
CS sequencial (1 por vez),50,5,1,1.050,3.136,5.230,5.230;1.050;2.091;3.129;4.180
CS sequencial (1 por vez),50,5,2,1.065,3.153,5.245,2.110;5.245;1.065;3.152;4.193
CS multithread (todos),50,5,1,4.988,4.996,5.011,4.989;4.997;4.996;4.988;5.011
CS multithread (todos),50,5,2,4.973,4.986,4.997,4.973;4.995;4.997;4.979;4.985
CS pool (max 5),50,5,1,4.965,4.988,4.998,4.996;4.965;4.997;4.986;4.998
CS pool (max 5),50,5,2,4.953,4.983,4.993,4.984;4.953;4.990;4.992;4.993
P2P (swarm),50,5,1,2.075,2.448,2.582,2.493;2.075;2.533;2.559;2.582
P2P (swarm),50,5,2,1.992,2.538,2.750,1.992;2.664;2.750;2.729;2.554
CS sequencial (1 por vez),50,10,1,1.049,5.733,10.420,3.132;1.049;2.089;7.296;6.255;5.200;8.339;9.382;4.163;10.420
CS sequencial (1 por vez),50,10,2,1.048,5.734,10.429,6.263;9.374;2.089;3.126;4.165;8.336;10.429;7.308;1.048;5.204
CS multithread (todos),50,10,1,9.930,9.983,10.021,9.993;9.930;9.971;10.021;10.002;9.975;10.001;9.974;9.976;9.985
CS multithread (todos),50,10,2,9.926,9.977,10.003,10.003;9.926;9.993;9.971;9.975;9.974;9.997;10.001;9.936;9.994
CS pool (max 5),50,10,1,4.951,7.482,9.988,4.951;9.980;9.978;9.940;4.999;4.988;9.988;4.998;5.005;9.988
CS pool (max 5),50,10,2,4.933,7.480,9.997,4.995;9.981;9.997;9.976;9.935;4.985;5.005;4.933;5.008;9.988
P2P (swarm),50,10,1,2.111,3.526,3.977,2.111;3.785;3.734;2.725;3.599;3.863;3.831;3.977;3.708;3.929
P2P (swarm),50,10,2,2.246,2.988,3.348,3.189;2.246;2.483;3.276;2.351;3.251;3.327;3.228;3.183;3.348
CS sequencial (1 por vez),50,20,1,1.065,10.957,20.868,7.298;6.261;5.231;10.414;17.748;9.373;13.569;3.144;18.777;4.183;2.105;12.527;16.708;11.454;1.065;14.603;15.647;8.335;20.868;19.834
CS sequencial (1 por vez),50,20,2,1.070,10.988,20.920,1.070;13.603;3.151;20.920;14.627;15.670;6.283;5.238;4.196;8.365;16.731;12.576;11.522;7.350;2.113;9.404;17.788;18.821;10.481;19.859
CS multithread (todos),50,20,1,19.768,19.942,20.001,19.931;19.768;19.774;19.965;19.980;20.001;19.985;19.937;19.855;19.994;19.935;19.967;19.936;19.979;19.966;19.938;19.975;19.969;19.988;19.998
CS multithread (todos),50,20,2,19.714,19.937,20.003,19.984;19.987;19.978;19.996;19.940;19.940;19.984;19.857;19.976;19.982;19.975;19.978;19.937;19.938;19.714;19.939;19.766;19.937;20.003;19.931
CS pool (max 5),50,20,1,4.938,12.479,19.977,14.935;9.918;14.990;19.902;5.027;9.980;10.036;5.016;4.993;4.998;14.989;19.976;15.008;19.961;9.995;9.974;4.938;15.013;19.977;19.961
CS pool (max 5),50,20,2,4.910,12.475,19.980,4.910;14.879;15.032;9.890;14.981;10.043;19.968;5.034;5.007;5.027;14.998;9.967;19.957;19.970;19.980;4.991;9.982;9.995;14.993;19.886
P2P (swarm),50,20,1,2.972,4.730,5.208,5.194;5.208;3.843;4.898;5.172;5.091;5.009;4.371;2.972;4.667;5.134;4.572;5.098;5.049;5.114;5.025;5.050;4.558;4.264;4.309
P2P (swarm),50,20,2,1.782,5.307,5.801,1.782;5.226;5.195;5.220;5.754;5.781;5.441;5.274;5.547;5.345;5.788;5.622;5.133;5.343;5.652;5.589;5.335;5.801;5.606;5.703
CS sequencial (1 por vez),500,1,1,10.432,10.432,10.432,10.432
CS multithread (todos),500,1,1,10.407,10.407,10.407,10.407
CS pool (max 5),500,1,1,10.407,10.407,10.407,10.407
P2P (swarm),500,1,1,10.023,10.023,10.023,10.023
CS sequencial (1 por vez),500,5,1,10.434,31.267,52.097,31.268;10.434;20.859;52.097;41.678
CS multithread (todos),500,5,1,49.958,49.984,49.999,49.976;49.958;49.999;49.989;49.995
CS pool (max 5),500,5,1,49.962,49.985,50.001,50.001;49.991;49.962;49.991;49.979
P2P (swarm),500,5,1,17.335,19.562,20.544,17.335;20.411;20.544;20.018;19.502
CS sequencial (1 por vez),500,10,1,10.484,57.455,104.359,10.484;31.398;73.121;20.952;41.842;93.935;52.251;62.685;104.359;83.527
CS multithread (todos),500,10,1,99.934,99.970,99.995,99.934;99.935;99.988;99.946;99.983;99.966;99.995;99.986;99.969;99.994
CS pool (max 5),500,10,1,49.984,75.029,100.051,49.984;100.038;99.972;100.051;50.041;100.011;100.022;50.039;50.085;50.049
P2P (swarm),500,10,1,15.635,26.978,29.000,28.535;28.486;28.798;27.892;27.866;15.635;27.668;27.944;27.959;29.000
